Workbook

Sheet Monthly Data
A1: Category | B1: Month | C1: Order_count | D1: Total_revenue | E1: Avg_revenue
A2: Bakery | B2: 46023 | C2: 6 | D2: 735 | E2: 122.5
A3: Bakery | B3: 46054 | C3: 8 | D3: 2440 | E3: 305
A4: Bakery | B4: 46082 | C4: 11 | D4: 3090 | E4: 280.91
A5: Bakery | B5: 46113 | C5: 13 | D5: 3115 | E5: 239.62
A6: Bakery | B6: 46143 | C6: 15 | D6: 3695 | E6: 246.33
A7: Bakery | B7: 46174 | C7: 14 | D7: 2335 | E7: 166.79
A8: Dairy & Eggs | B8: 46023 | C8: 9 | D8: 2035 | E8: 226.11
A9: Dairy & Eggs | B9: 46054 | C9: 8 | D9: 1935 | E9: 241.88
A10: Dairy & Eggs | B10: 46082 | C10: 15 | D10: 3163 | E10: 210.87
A11: Dairy & Eggs | B11: 46113 | C11: 9 | D11: 1650 | E11: 183.33
A12: Dairy & Eggs | B12: 46143 | C12: 14 | D12: 3479 | E12: 248.5
A13: Dairy & Eggs | B13: 46174 | C13: 11 | D13: 1828 | E13: 166.18
... A37: Snacks & Beverages | B37: 46174 | C37: 15 | D37: 1960 | E37: 130.67

Sheet Pivot Table 1

Sheet Category summary
A1: Category | B1: Total_revenue | C1: Target_revenue_inr | D1: Variance | E1: Percentage_variance | F1: Tag | G1: Matches Part 1 SQL total?
A2: Bakery | B2: {=_xlfn.XLOOKUP(A2,'Pivot Table 1'!A:A,'Pivot Table 1'!C:C,"Not Found")} -> 15410 | C2: {=_xlfn.XLOOKUP(A2,category_targets!A:A,category_targets!B:B,"NULL")} -> 12000 | D2: =C2-B2 -> -3410 | E2: =((B2-C2)/C2)*100 -> 28.416667 | F2: =IF(B2>C2, "ABOVE TARGET", IF(E2>=-15,"BELOW TARGET-WATCH", "BELOW TARGET- CRITICALL")) -> ABOVE TARGET | G2: =IF(B2=15410, "YES", "NO") -> YES
A3: Dairy & Eggs | B3: {=_xlfn.XLOOKUP(A3,'Pivot Table 1'!A:A,'Pivot Table 1'!C:C,"Not Found")} -> 14090 | C3: {=_xlfn.XLOOKUP(A3,category_targets!A:A,category_targets!B:B,"NULL")} -> 16500 | D3: =C3-B3 -> 2410 | E3: =((B3-C3)/C3)*100 -> -14.606061 | F3: =IF(B3>C3, "ABOVE TARGET", IF(E3>=-15,"BELOW TARGET-WATCH", "BELOW TARGET- CRITICALL")) -> BELOW TARGET-WATCH | G3: =IF(B3=14090, "YES", "NO") -> YES
A4: Fruits & Vegetables | B4: {=_xlfn.XLOOKUP(A4,'Pivot Table 1'!A:A,'Pivot Table 1'!C:C,"Not Found")} -> 9790 | C4: {=_xlfn.XLOOKUP(A4,category_targets!A:A,category_targets!B:B,"NULL")} -> 12000 | D4: =C4-B4 -> 2210 | E4: =((B4-C4)/C4)*100 -> -18.416667 | F4: =IF(B4>C4, "ABOVE TARGET", IF(E4>=-15,"BELOW TARGET-WATCH", "BELOW TARGET- CRITICALL")) -> BELOW TARGET- CRITICALL | G4: =IF(B4=9790,"YES","NO") -> YES
A5: Household Essentials | B5: {=_xlfn.XLOOKUP(A5,'Pivot Table 1'!A:A,'Pivot Table 1'!C:C,"Not Found")} -> 21715 | C5: {=_xlfn.XLOOKUP(A5,category_targets!A:A,category_targets!B:B,"NULL")} -> 17000 | D5: =C5-B5 -> -4715 | E5: =((B5-C5)/C5)*100 -> 27.735294 | F5: =IF(B5>C5, "ABOVE TARGET", IF(E5>=-15,"BELOW TARGET-WATCH", "BELOW TARGET- CRITICALL")) -> ABOVE TARGET | G5: =IF(B5=21715,"YES", "NO") -> YES
A6: Personal Care | B6: {=_xlfn.XLOOKUP(A6,'Pivot Table 1'!A:A,'Pivot Table 1'!C:C,"Not Found")} -> 16382 | C6: {=_xlfn.XLOOKUP(A6,category_targets!A:A,category_targets!B:B,"NULL")} -> 15500 | D6: =C6-B6 -> -882 | E6: =((B6-C6)/C6)*100 -> 5.6903226 | F6: =IF(B6>C6, "ABOVE TARGET", IF(E6>=-15,"BELOW TARGET-WATCH", "BELOW TARGET- CRITICALL")) -> ABOVE TARGET | G6: =IF(B6=16382,"YES","NO") -> YES
A7: Snacks & Beverages | B7: {=_xlfn.XLOOKUP(A7,'Pivot Table 1'!A:A,'Pivot Table 1'!C:C,"Not Found")} -> 10895 | C7: {=_xlfn.XLOOKUP(A7,category_targets!A:A,category_targets!B:B,"NULL")} -> 13000 | D7: =C7-B7 -> 2105 | E7: =((B7-C7)/C7)*100 -> -16.192308 | F7: =IF(B7>C7, "ABOVE TARGET", IF(E7>=-15,"BELOW TARGET-WATCH", "BELOW TARGET- CRITICALL")) -> BELOW TARGET- CRITICALL | G7: =IF(B7=10895,"YES","NO") -> YES

Sheet category_targets
A1: Category | B1: Target_revenue_inr
A2: Fruits & Vegetables | B2: 12000
A3: Dairy & Eggs | B3: 16500
A4: Snacks & Beverages | B4: 13000
A5: Personal Care | B5: 15500
A6: Household Essentials | B6: 17000
A7: Bakery | B7: 12000
